canonical_field_id,registry_field_id,registry_label,registry_kind,registry_binding_status,registry_scenario_policy,registry_source_of_truth,registry_engine_path,registry_snapshot_key,registry_excel_hint_tuho,registry_excel_hint_oborovo,save_path,save_evidence_type,save_pipeline,adapter_path,adapter_evidence_type,adapter_detail,projectinputs_path,engine_consumer,engine_consumer_evidence_type,test_evidence,test_evidence_scope,runtime_validation_status,scenario_mapping_status,verified_tuho_input_cell,verified_oborovo_input_cell,verified_tuho_scenario_cell,verified_oborovo_scenario_cell,verified_tuho_scenario_range,verified_oborovo_scenario_range,runtime_binding_status,excel_mapping_status,confidence,notes
registry.project_setup.identity.project_name,project_setup.identity.project_name,Project Name,INPUT,BOUND,NOT_ALLOWED,INPUT_SET,info.name,project_name,Inputs!B2,Inputs!B2,app/persistence/projects_repository.py::save_project,EXACT_SYMBOL,,app/input_adapter.py::_resolve_user_inputs,INLINE_LOGIC,"INLINE_LOGIC in _resolve_user_inputs: if project_name is not None, proj.info.name = project_name",ProjectInputs.info.name,concrete downstream consumer verified in app/waterfall_core.py / app/reporting (CONCEPTUAL_DESCRIPTION — specific consumer not a single symbol),CONCEPTUAL_DESCRIPTION,tests/test_workbook_v2_browser_acceptance.py::TestTM200To300QueuedRun::test_runtime_persisted_after_run,GENERIC-ROUTE,GENERIC_ROUTE_ONLY,SOURCE_COORDINATE_UNRESOLVED,D2,D2,,,,,RUNTIME_FULLY_BOUND,VERIFIED_BOTH_MODELS,CONFIRMED,
registry.project_setup.identity.project_type,project_setup.identity.project_type,Project Type,TEMPLATE_INPUT,TEMPLATE_LOCKED,NOT_ALLOWED,TEMPLATE,,project_type,Inputs!B3,Inputs!B3,UNRESOLVED,UNRESOLVED,,UNRESOLVED,UNRESOLVED,,UNRESOLVED,UNRESOLVED,UNRESOLVED,NO_TEST_EVIDENCE,NONE,UNRESOLVED,SOURCE_COORDINATE_UNRESOLVED,,,,,,,TEMPLATE_LOCKED,SOURCE_COORDINATE_UNRESOLVED,CONFIRMED,
registry.project_setup.identity.country_market,project_setup.identity.country_market,Country / Market,INPUT,PARTIAL,NOT_ALLOWED,INPUT_SET,info.country_iso,country_market,Inputs!B4,Inputs!B4,app/persistence/projects_repository.py::save_project,EXACT_SYMBOL,,app/input_adapter.py::_resolve_user_inputs,INLINE_LOGIC,"INLINE_LOGIC in _resolve_user_inputs: if country_iso is not None, proj.info.country_iso = _country_iso(country_iso)",ProjectInputs.info.country_iso,concrete downstream consumer verified in app/waterfall_core.py / app/reporting (CONCEPTUAL_DESCRIPTION — specific consumer not a single symbol),CONCEPTUAL_DESCRIPTION,tests/test_workbook_v2_browser_acceptance.py::TestTM200To300QueuedRun::test_runtime_persisted_after_run,GENERIC-ROUTE,GENERIC_ROUTE_ONLY,SOURCE_COORDINATE_UNRESOLVED,D5,D5,,,,,RUNTIME_PARTIALLY_BOUND,VERIFIED_BOTH_MODELS,PROBABLE,
registry.project_setup.identity.currency,project_setup.identity.currency,Currency,INPUT,PARTIAL,NOT_ALLOWED,INPUT_SET,,currency,Inputs!B5,Inputs!B5,UNRESOLVED,UNRESOLVED,,UNRESOLVED,UNRESOLVED,,UNRESOLVED,UNRESOLVED,UNRESOLVED,NO_TEST_EVIDENCE,NONE,UNRESOLVED,SOURCE_COORDINATE_UNRESOLVED,,,,,,,RUNTIME_PARTIALLY_BOUND,SOURCE_COORDINATE_UNRESOLVED,PROBABLE,
registry.project_setup.identity.scenario,project_setup.identity.scenario,Scenario,INPUT,PARTIAL,NOT_ALLOWED,INPUT_SET,,scenario,,,UNRESOLVED,UNRESOLVED,,UNRESOLVED,UNRESOLVED,,UNRESOLVED,UNRESOLVED,UNRESOLVED,NO_TEST_EVIDENCE,NONE,UNRESOLVED,SOURCE_COORDINATE_UNRESOLVED,,,,,,,RUNTIME_PARTIALLY_BOUND,SOURCE_COORDINATE_UNRESOLVED,PROBABLE,
registry.project_setup.technical.capacity_mw,project_setup.technical.capacity_mw,Installed Capacity,INPUT,BOUND,OVERRIDE,INPUT_SET,technical.capacity_mw,capacity_mw,Inputs!H7,Inputs!H7,app/persistence/projects_repository.py::save_project,EXACT_SYMBOL,,app/input_adapter.py::_set_technical_capacity,EXACT_SYMBOL,,ProjectInputs.technical.capacity_mw,concrete downstream consumer verified in app/waterfall_core.py / app/reporting (CONCEPTUAL_DESCRIPTION — specific consumer not a single symbol),CONCEPTUAL_DESCRIPTION,tests/test_workbook_v2_browser_acceptance.py::TestTM200To300QueuedRun::test_runtime_persisted_after_run,GENERIC-ROUTE,GENERIC_ROUTE_ONLY,VERIFIED_TUHO_ONLY,D51,D51,E9,,G9:L9,,RUNTIME_FULLY_BOUND,VERIFIED_BOTH_MODELS,CONFIRMED,
registry.project_setup.technical.p50_hours,project_setup.technical.p50_hours,P50 Operating Hours,INPUT,BOUND,OVERRIDE,INPUT_SET,technical.operating_hours_p50,p50_hours,Inputs!H8,Inputs!H8,app/persistence/projects_repository.py::save_project,EXACT_SYMBOL,,app/input_adapter.py::_set_technical_p50_hours,EXACT_SYMBOL,,ProjectInputs.technical.operating_hours_p50,concrete downstream consumer verified in app/waterfall_core.py / app/reporting (CONCEPTUAL_DESCRIPTION — specific consumer not a single symbol),CONCEPTUAL_DESCRIPTION,tests/test_workbook_v2_browser_acceptance.py::TestTM200To300QueuedRun::test_runtime_persisted_after_run,GENERIC-ROUTE,GENERIC_ROUTE_ONLY,SOURCE_COORDINATE_UNRESOLVED,D67,D64,,,,,RUNTIME_FULLY_BOUND,VERIFIED_BOTH_MODELS,CONFIRMED,
registry.project_setup.technical.capacity_factor,project_setup.technical.capacity_factor,Capacity Factor (P50),DERIVED_DISPLAY,DISPLAY_ONLY,NOT_ALLOWED,DERIVED_UI,,capacity_factor,,,UNRESOLVED,UNRESOLVED,,UNRESOLVED,UNRESOLVED,,UNRESOLVED,UNRESOLVED,UNRESOLVED,NO_TEST_EVIDENCE,NONE,UNRESOLVED,SOURCE_COORDINATE_UNRESOLVED,,,,,,,DISPLAY_ONLY,SOURCE_COORDINATE_UNRESOLVED,CONFIRMED,
registry.project_setup.technical.cod_date,project_setup.technical.cod_date,Commercial Operation Date,INPUT,BOUND,NOT_ALLOWED,INPUT_SET,info.cod_date,cod_date,Inputs!H9,Inputs!H9,app/persistence/projects_repository.py::save_project,EXACT_SYMBOL,,app/input_adapter.py::_resolve_user_inputs,INLINE_LOGIC,"INLINE_LOGIC in _resolve_user_inputs: if cod_date is not None, proj.info.cod_date = cod_date",ProjectInputs.info.cod_date,concrete downstream consumer verified in app/waterfall_core.py / app/reporting (CONCEPTUAL_DESCRIPTION — specific consumer not a single symbol),CONCEPTUAL_DESCRIPTION,tests/test_workbook_v2_browser_acceptance.py::TestTM200To300QueuedRun::test_runtime_persisted_after_run,GENERIC-ROUTE,GENERIC_ROUTE_ONLY,SOURCE_COORDINATE_UNRESOLVED,,,,,,,RUNTIME_FULLY_BOUND,REGISTRY_HINT_ONLY,CONFIRMED,
registry.project_setup.technical.construction_months,project_setup.technical.construction_months,Construction Duration,INPUT,BOUND,NOT_ALLOWED,INPUT_SET,info.construction_months,construction_months,Inputs!H10,Inputs!H10,app/persistence/projects_repository.py::save_project,EXACT_SYMBOL,,app/input_adapter.py::_resolve_user_inputs,INLINE_LOGIC,"INLINE_LOGIC in _resolve_user_inputs: if construction_months is not None, proj.info.construction_months = int(construction_months)",ProjectInputs.info.construction_months,concrete downstream consumer verified in app/waterfall_core.py / app/reporting (CONCEPTUAL_DESCRIPTION — specific consumer not a single symbol),CONCEPTUAL_DESCRIPTION,tests/test_workbook_v2_browser_acceptance.py::TestTM200To300QueuedRun::test_runtime_persisted_after_run,GENERIC-ROUTE,GENERIC_ROUTE_ONLY,SOURCE_COORDINATE_UNRESOLVED,,,,,,,RUNTIME_FULLY_BOUND,REGISTRY_HINT_ONLY,CONFIRMED,
registry.project_setup.technical.horizon_years,project_setup.technical.horizon_years,Project Horizon,INPUT,BOUND,NOT_ALLOWED,INPUT_SET,info.horizon_years,horizon_years,Inputs!H11,Inputs!H11,app/persistence/projects_repository.py::save_project,EXACT_SYMBOL,,app/input_adapter.py::_resolve_user_inputs,INLINE_LOGIC,"INLINE_LOGIC in _resolve_user_inputs: if horizon_years is not None, proj.info.horizon_years = int(horizon_years)",ProjectInputs.info.horizon_years,concrete downstream consumer verified in app/waterfall_core.py / app/reporting (CONCEPTUAL_DESCRIPTION — specific consumer not a single symbol),CONCEPTUAL_DESCRIPTION,tests/test_workbook_v2_browser_acceptance.py::TestTM200To300QueuedRun::test_runtime_persisted_after_run,GENERIC-ROUTE,GENERIC_ROUTE_ONLY,SOURCE_COORDINATE_UNRESOLVED,,,,,,,RUNTIME_FULLY_BOUND,REGISTRY_HINT_ONLY,CONFIRMED,
registry.capex.C.epc_contract,capex.C.epc_contract,EPC Contract,INPUT,BOUND,OVERRIDE,INPUT_SET,capex.epc_contract.amount_keur,capex_epc_contract_keur,C.02.01,C.02.01,app/services/capex_sub_lines_integration.py::_extract_sub_line_overrides,SERVICE_PIPELINE,app/services/capex_sub_lines_integration.py::_extract_sub_line_overrides â†’ app/services/capex_sub_lines_integration.py::_load_active_sub_lines â†’ app/services/capex_sub_lines_integration.py::_apply_user_sub_lines_to_capex â†’ app/services/capex_sub_lines_integration.py::persist_sub_line_form_edits,app/services/capex_sub_lines_integration.py::_apply_user_sub_lines_to_capex,SERVICE_PIPELINE,,ProjectInputs.capex.epc_contract.amount_keur,concrete downstream consumer verified in app/waterfall_core.py / app/reporting (CONCEPTUAL_DESCRIPTION),CONCEPTUAL_DESCRIPTION,tests/test_phase57a9c_capex_sub_lines_save_load.py::TestSaveProjectAcceptsSubLines::test_save_project_persists_sub_lines,SHARED-PIPELINE,SHARED_PIPELINE_PROVEN,SOURCE_COORDINATE_UNRESOLVED,,,,,,,RUNTIME_FULLY_BOUND,REGISTRY_HINT_ONLY,CONFIRMED,
registry.capex.C.production_units,capex.C.production_units,Production Units,INPUT,BOUND,OVERRIDE,INPUT_SET,capex.production_units.amount_keur,capex_production_units_keur,C.01.01,C.01.01,app/services/capex_sub_lines_integration.py::_extract_sub_line_overrides,SERVICE_PIPELINE,app/services/capex_sub_lines_integration.py::_extract_sub_line_overrides â†’ app/services/capex_sub_lines_integration.py::_load_active_sub_lines â†’ app/services/capex_sub_lines_integration.py::_apply_user_sub_lines_to_capex â†’ app/services/capex_sub_lines_integration.py::persist_sub_line_form_edits,app/services/capex_sub_lines_integration.py::_apply_user_sub_lines_to_capex,SERVICE_PIPELINE,,ProjectInputs.capex.production_units.amount_keur,concrete downstream consumer verified in app/waterfall_core.py / app/reporting (CONCEPTUAL_DESCRIPTION),CONCEPTUAL_DESCRIPTION,tests/test_phase57a9c_capex_sub_lines_save_load.py::TestSaveProjectAcceptsSubLines::test_save_project_persists_sub_lines,SHARED-PIPELINE,SHARED_PIPELINE_PROVEN,SOURCE_COORDINATE_UNRESOLVED,,,,,,,RUNTIME_FULLY_BOUND,REGISTRY_HINT_ONLY,CONFIRMED,
registry.capex.C.epc_other,capex.C.epc_other,EPC Other,INPUT,BOUND,OVERRIDE,INPUT_SET,capex.epc_other.amount_keur,capex_epc_other_keur,C.02.02,C.02.02,app/services/capex_sub_lines_integration.py::_extract_sub_line_overrides,SERVICE_PIPELINE,app/services/capex_sub_lines_integration.py::_extract_sub_line_overrides â†’ app/services/capex_sub_lines_integration.py::_load_active_sub_lines â†’ app/services/capex_sub_lines_integration.py::_apply_user_sub_lines_to_capex â†’ app/services/capex_sub_lines_integration.py::persist_sub_line_form_edits,app/services/capex_sub_lines_integration.py::_apply_user_sub_lines_to_capex,SERVICE_PIPELINE,,ProjectInputs.capex.epc_other.amount_keur,concrete downstream consumer verified in app/waterfall_core.py / app/reporting (CONCEPTUAL_DESCRIPTION),CONCEPTUAL_DESCRIPTION,tests/test_phase57a9c_capex_sub_lines_save_load.py::TestSaveProjectAcceptsSubLines::test_save_project_persists_sub_lines,SHARED-PIPELINE,SHARED_PIPELINE_PROVEN,SOURCE_COORDINATE_UNRESOLVED,,,,,,,RUNTIME_FULLY_BOUND,REGISTRY_HINT_ONLY,CONFIRMED,
registry.capex.C.grid_connection,capex.C.grid_connection,Grid Connection,INPUT,BOUND,OVERRIDE,INPUT_SET,capex.grid_connection.amount_keur,capex_grid_connection_keur,C.03.01,C.03.01,app/services/capex_sub_lines_integration.py::_extract_sub_line_overrides,SERVICE_PIPELINE,app/services/capex_sub_lines_integration.py::_extract_sub_line_overrides â†’ app/services/capex_sub_lines_integration.py::_load_active_sub_lines â†’ app/services/capex_sub_lines_integration.py::_apply_user_sub_lines_to_capex â†’ app/services/capex_sub_lines_integration.py::persist_sub_line_form_edits,app/services/capex_sub_lines_integration.py::_apply_user_sub_lines_to_capex,SERVICE_PIPELINE,,ProjectInputs.capex.grid_connection.amount_keur,concrete downstream consumer verified in app/waterfall_core.py / app/reporting (CONCEPTUAL_DESCRIPTION),CONCEPTUAL_DESCRIPTION,tests/test_phase57a9c_capex_sub_lines_save_load.py::TestSaveProjectAcceptsSubLines::test_save_project_persists_sub_lines,SHARED-PIPELINE,SHARED_PIPELINE_PROVEN,SOURCE_COORDINATE_UNRESOLVED,,,,,,,RUNTIME_FULLY_BOUND,REGISTRY_HINT_ONLY,CONFIRMED,
registry.capex.C.ops_preparation,capex.C.ops_preparation,Operations Preparation,INPUT,BOUND,OVERRIDE,INPUT_SET,capex.ops_prep.amount_keur,capex_ops_prep_keur,C.15.02,C.15.02,app/services/capex_sub_lines_integration.py::_extract_sub_line_overrides,SERVICE_PIPELINE,app/services/capex_sub_lines_integration.py::_extract_sub_line_overrides â†’ app/services/capex_sub_lines_integration.py::_load_active_sub_lines â†’ app/services/capex_sub_lines_integration.py::_apply_user_sub_lines_to_capex â†’ app/services/capex_sub_lines_integration.py::persist_sub_line_form_edits,app/services/capex_sub_lines_integration.py::_apply_user_sub_lines_to_capex,SERVICE_PIPELINE,,ProjectInputs.capex.ops_prep.amount_keur,concrete downstream consumer verified in app/waterfall_core.py / app/reporting (CONCEPTUAL_DESCRIPTION),CONCEPTUAL_DESCRIPTION,tests/test_phase57a9c_capex_sub_lines_save_load.py::TestSaveProjectAcceptsSubLines::test_save_project_persists_sub_lines,SHARED-PIPELINE,SHARED_PIPELINE_PROVEN,SOURCE_COORDINATE_UNRESOLVED,,,,,,,RUNTIME_FULLY_BOUND,REGISTRY_HINT_ONLY,CONFIRMED,
registry.capex.C.insurances,capex.C.insurances,Insurances,INPUT,BOUND,OVERRIDE,INPUT_SET,capex.insurances.amount_keur,capex_insurances_keur,C.06.01,C.06.01,app/services/capex_sub_lines_integration.py::_extract_sub_line_overrides,SERVICE_PIPELINE,app/services/capex_sub_lines_integration.py::_extract_sub_line_overrides â†’ app/services/capex_sub_lines_integration.py::_load_active_sub_lines â†’ app/services/capex_sub_lines_integration.py::_apply_user_sub_lines_to_capex â†’ app/services/capex_sub_lines_integration.py::persist_sub_line_form_edits,app/services/capex_sub_lines_integration.py::_apply_user_sub_lines_to_capex,SERVICE_PIPELINE,,ProjectInputs.capex.insurances.amount_keur,concrete downstream consumer verified in app/waterfall_core.py / app/reporting (CONCEPTUAL_DESCRIPTION),CONCEPTUAL_DESCRIPTION,tests/test_phase57a9c_capex_sub_lines_save_load.py::TestSaveProjectAcceptsSubLines::test_save_project_persists_sub_lines,SHARED-PIPELINE,SHARED_PIPELINE_PROVEN,SOURCE_COORDINATE_UNRESOLVED,,,,,,,RUNTIME_FULLY_BOUND,REGISTRY_HINT_ONLY,CONFIRMED,
registry.capex.C.lease_tax,capex.C.lease_tax,Lease & Tax,INPUT,BOUND,OVERRIDE,INPUT_SET,capex.lease_tax.amount_keur,capex_lease_tax_keur,C.07.01,C.07.01,app/services/capex_sub_lines_integration.py::_extract_sub_line_overrides,SERVICE_PIPELINE,app/services/capex_sub_lines_integration.py::_extract_sub_line_overrides â†’ app/services/capex_sub_lines_integration.py::_load_active_sub_lines â†’ app/services/capex_sub_lines_integration.py::_apply_user_sub_lines_to_capex â†’ app/services/capex_sub_lines_integration.py::persist_sub_line_form_edits,app/services/capex_sub_lines_integration.py::_apply_user_sub_lines_to_capex,SERVICE_PIPELINE,,ProjectInputs.capex.lease_tax.amount_keur,concrete downstream consumer verified in app/waterfall_core.py / app/reporting (CONCEPTUAL_DESCRIPTION),CONCEPTUAL_DESCRIPTION,tests/test_phase57a9c_capex_sub_lines_save_load.py::TestSaveProjectAcceptsSubLines::test_save_project_persists_sub_lines,SHARED-PIPELINE,SHARED_PIPELINE_PROVEN,SOURCE_COORDINATE_UNRESOLVED,,,,,,,RUNTIME_FULLY_BOUND,REGISTRY_HINT_ONLY,CONFIRMED,
registry.capex.C.construction_mgmt_a,capex.C.construction_mgmt_a,Construction Management A,INPUT,BOUND,OVERRIDE,INPUT_SET,capex.construction_mgmt_a.amount_keur,capex_construction_mgmt_a_keur,C.09.01,C.09.01,app/services/capex_sub_lines_integration.py::_extract_sub_line_overrides,SERVICE_PIPELINE,app/services/capex_sub_lines_integration.py::_extract_sub_line_overrides â†’ app/services/capex_sub_lines_integration.py::_load_active_sub_lines â†’ app/services/capex_sub_lines_integration.py::_apply_user_sub_lines_to_capex â†’ app/services/capex_sub_lines_integration.py::persist_sub_line_form_edits,app/services/capex_sub_lines_integration.py::_apply_user_sub_lines_to_capex,SERVICE_PIPELINE,,ProjectInputs.capex.construction_mgmt_a.amount_keur,concrete downstream consumer verified in app/waterfall_core.py / app/reporting (CONCEPTUAL_DESCRIPTION),CONCEPTUAL_DESCRIPTION,tests/test_phase57a9c_capex_sub_lines_save_load.py::TestSaveProjectAcceptsSubLines::test_save_project_persists_sub_lines,SHARED-PIPELINE,SHARED_PIPELINE_PROVEN,SOURCE_COORDINATE_UNRESOLVED,,,,,,,RUNTIME_FULLY_BOUND,REGISTRY_HINT_ONLY,CONFIRMED,
registry.capex.C.commissioning,capex.C.commissioning,Commissioning,INPUT,BOUND,OVERRIDE,INPUT_SET,capex.commissioning.amount_keur,capex_commissioning_keur,C.10.01,C.10.01,app/services/capex_sub_lines_integration.py::_extract_sub_line_overrides,SERVICE_PIPELINE,app/services/capex_sub_lines_integration.py::_extract_sub_line_overrides â†’ app/services/capex_sub_lines_integration.py::_load_active_sub_lines â†’ app/services/capex_sub_lines_integration.py::_apply_user_sub_lines_to_capex â†’ app/services/capex_sub_lines_integration.py::persist_sub_line_form_edits,app/services/capex_sub_lines_integration.py::_apply_user_sub_lines_to_capex,SERVICE_PIPELINE,,ProjectInputs.capex.commissioning.amount_keur,concrete downstream consumer verified in app/waterfall_core.py / app/reporting (CONCEPTUAL_DESCRIPTION),CONCEPTUAL_DESCRIPTION,tests/test_phase57a9c_capex_sub_lines_save_load.py::TestSaveProjectAcceptsSubLines::test_save_project_persists_sub_lines,SHARED-PIPELINE,SHARED_PIPELINE_PROVEN,SOURCE_COORDINATE_UNRESOLVED,,,,,,,RUNTIME_FULLY_BOUND,REGISTRY_HINT_ONLY,CONFIRMED,
registry.capex.C.contingencies,capex.C.contingencies,Contingencies (C.13),DERIVED_DISPLAY,DISPLAY_ONLY,NOT_ALLOWED,DERIVED_UI,capex.contingencies.amount_keur,capex_contingencies_keur,C.13.01,C.13.01,UNRESOLVED,UNRESOLVED,,UNRESOLVED,UNRESOLVED,,UNRESOLVED,UNRESOLVED,UNRESOLVED,NO_TEST_EVIDENCE,NONE,UNRESOLVED,SOURCE_COORDINATE_UNRESOLVED,,,,,,,DISPLAY_ONLY,SOURCE_COORDINATE_UNRESOLVED,CONFIRMED,
registry.capex.C.taxes,capex.C.taxes,Import Taxes,INPUT,BOUND,OVERRIDE,INPUT_SET,capex.taxes.amount_keur,capex_taxes_keur,C.14.01,C.14.01,app/services/capex_sub_lines_integration.py::_extract_sub_line_overrides,SERVICE_PIPELINE,app/services/capex_sub_lines_integration.py::_extract_sub_line_overrides â†’ app/services/capex_sub_lines_integration.py::_load_active_sub_lines â†’ app/services/capex_sub_lines_integration.py::_apply_user_sub_lines_to_capex â†’ app/services/capex_sub_lines_integration.py::persist_sub_line_form_edits,app/services/capex_sub_lines_integration.py::_apply_user_sub_lines_to_capex,SERVICE_PIPELINE,,ProjectInputs.capex.taxes.amount_keur,concrete downstream consumer verified in app/waterfall_core.py / app/reporting (CONCEPTUAL_DESCRIPTION),CONCEPTUAL_DESCRIPTION,tests/test_phase57a9c_capex_sub_lines_save_load.py::TestSaveProjectAcceptsSubLines::test_save_project_persists_sub_lines,SHARED-PIPELINE,SHARED_PIPELINE_PROVEN,SOURCE_COORDINATE_UNRESOLVED,,,,,,,RUNTIME_FULLY_BOUND,REGISTRY_HINT_ONLY,CONFIRMED,
registry.capex.D.project_acquisition,capex.D.project_acquisition,Project Acquisition,INPUT,BOUND,OVERRIDE,INPUT_SET,capex.project_acquisition.amount_keur,capex_project_acquisition_keur,C.15.01,C.15.01,app/services/capex_sub_lines_integration.py::_extract_sub_line_overrides,SERVICE_PIPELINE,app/services/capex_sub_lines_integration.py::_extract_sub_line_overrides â†’ app/services/capex_sub_lines_integration.py::_load_active_sub_lines â†’ app/services/capex_sub_lines_integration.py::_apply_user_sub_lines_to_capex â†’ app/services/capex_sub_lines_integration.py::persist_sub_line_form_edits,app/services/capex_sub_lines_integration.py::_apply_user_sub_lines_to_capex,SERVICE_PIPELINE,,ProjectInputs.capex.project_acquisition.amount_keur,concrete downstream consumer verified in app/waterfall_core.py / app/reporting (CONCEPTUAL_DESCRIPTION),CONCEPTUAL_DESCRIPTION,tests/test_phase57a9c_capex_sub_lines_save_load.py::TestSaveProjectAcceptsSubLines::test_save_project_persists_sub_lines,SHARED-PIPELINE,SHARED_PIPELINE_PROVEN,SOURCE_COORDINATE_UNRESOLVED,,,,,,,RUNTIME_FULLY_BOUND,REGISTRY_HINT_ONLY,CONFIRMED,
registry.capex.D.project_rights,capex.D.project_rights,Project Rights,INPUT,BOUND,OVERRIDE,INPUT_SET,capex.project_rights.amount_keur,capex_project_rights_keur,C.16.01,C.16.01,app/services/capex_sub_lines_integration.py::_extract_sub_line_overrides,SERVICE_PIPELINE,app/services/capex_sub_lines_integration.py::_extract_sub_line_overrides â†’ app/services/capex_sub_lines_integration.py::_load_active_sub_lines â†’ app/services/capex_sub_lines_integration.py::_apply_user_sub_lines_to_capex â†’ app/services/capex_sub_lines_integration.py::persist_sub_line_form_edits,app/services/capex_sub_lines_integration.py::_apply_user_sub_lines_to_capex,SERVICE_PIPELINE,,ProjectInputs.capex.project_rights.amount_keur,concrete downstream consumer verified in app/waterfall_core.py / app/reporting (CONCEPTUAL_DESCRIPTION),CONCEPTUAL_DESCRIPTION,tests/test_phase57a9c_capex_sub_lines_save_load.py::TestSaveProjectAcceptsSubLines::test_save_project_persists_sub_lines,SHARED-PIPELINE,SHARED_PIPELINE_PROVEN,SOURCE_COORDINATE_UNRESOLVED,,,,,,,RUNTIME_FULLY_BOUND,REGISTRY_HINT_ONLY,CONFIRMED,
registry.capex.D.audit_legal,capex.D.audit_legal,Audit & Legal,INPUT,BOUND,OVERRIDE,INPUT_SET,capex.audit_legal.amount_keur,capex_audit_legal_keur,C.11.01,C.11.01,app/services/capex_sub_lines_integration.py::_extract_sub_line_overrides,SERVICE_PIPELINE,app/services/capex_sub_lines_integration.py::_extract_sub_line_overrides â†’ app/services/capex_sub_lines_integration.py::_load_active_sub_lines â†’ app/services/capex_sub_lines_integration.py::_apply_user_sub_lines_to_capex â†’ app/services/capex_sub_lines_integration.py::persist_sub_line_form_edits,app/services/capex_sub_lines_integration.py::_apply_user_sub_lines_to_capex,SERVICE_PIPELINE,,ProjectInputs.capex.audit_legal.amount_keur,concrete downstream consumer verified in app/waterfall_core.py / app/reporting (CONCEPTUAL_DESCRIPTION),CONCEPTUAL_DESCRIPTION,tests/test_phase57a9c_capex_sub_lines_save_load.py::TestSaveProjectAcceptsSubLines::test_save_project_persists_sub_lines,SHARED-PIPELINE,SHARED_PIPELINE_PROVEN,SOURCE_COORDINATE_UNRESOLVED,,,,,,,RUNTIME_FULLY_BOUND,REGISTRY_HINT_ONLY,CONFIRMED,
registry.capex.D.construction_mgmt_b,capex.D.construction_mgmt_b,Construction Management B,INPUT,BOUND,OVERRIDE,INPUT_SET,capex.construction_mgmt_b.amount_keur,capex_construction_mgmt_b_keur,C.09.02,C.09.02,app/services/capex_sub_lines_integration.py::_extract_sub_line_overrides,SERVICE_PIPELINE,app/services/capex_sub_lines_integration.py::_extract_sub_line_overrides â†’ app/services/capex_sub_lines_integration.py::_load_active_sub_lines â†’ app/services/capex_sub_lines_integration.py::_apply_user_sub_lines_to_capex â†’ app/services/capex_sub_lines_integration.py::persist_sub_line_form_edits,app/services/capex_sub_lines_integration.py::_apply_user_sub_lines_to_capex,SERVICE_PIPELINE,,ProjectInputs.capex.construction_mgmt_b.amount_keur,concrete downstream consumer verified in app/waterfall_core.py / app/reporting (CONCEPTUAL_DESCRIPTION),CONCEPTUAL_DESCRIPTION,tests/test_phase57a9c_capex_sub_lines_save_load.py::TestSaveProjectAcceptsSubLines::test_save_project_persists_sub_lines,SHARED-PIPELINE,SHARED_PIPELINE_PROVEN,SOURCE_COORDINATE_UNRESOLVED,,,,,,,RUNTIME_FULLY_BOUND,REGISTRY_HINT_ONLY,CONFIRMED,
registry.capex.F.idc,capex.F.idc,IDC,DERIVED_DISPLAY,DISPLAY_ONLY,NOT_ALLOWED,ENGINE,capex.idc_keur,capex_idc_keur,C.17 / Financing!IDC,C.17 / Financing!IDC,UNRESOLVED,UNRESOLVED,,UNRESOLVED,UNRESOLVED,,UNRESOLVED,UNRESOLVED,UNRESOLVED,NO_TEST_EVIDENCE,NONE,UNRESOLVED,SOURCE_COORDINATE_UNRESOLVED,,,,,,,DISPLAY_ONLY,SOURCE_COORDINATE_UNRESOLVED,CONFIRMED,
registry.capex.F.bank_fees,capex.F.bank_fees,Bank Fees,TEMPLATE_INPUT,TEMPLATE_LOCKED,NOT_ALLOWED,TEMPLATE,capex.bank_fees_keur,capex_bank_fees_keur,C.17 / Financing!BankFees,C.17 / Financing!BankFees,UNRESOLVED,UNRESOLVED,,UNRESOLVED,UNRESOLVED,,UNRESOLVED,UNRESOLVED,UNRESOLVED,NO_TEST_EVIDENCE,NONE,UNRESOLVED,SOURCE_COORDINATE_UNRESOLVED,,,,,,,TEMPLATE_LOCKED,SOURCE_COORDINATE_UNRESOLVED,CONFIRMED,
registry.capex.F.commitment_fees,capex.F.commitment_fees,Commitment Fees,TEMPLATE_INPUT,TEMPLATE_LOCKED,NOT_ALLOWED,TEMPLATE,capex.commitment_fees_keur,capex_commitment_fees_keur,C.17 / Financing!CommFees,C.17 / Financing!CommFees,UNRESOLVED,UNRESOLVED,,UNRESOLVED,UNRESOLVED,,UNRESOLVED,UNRESOLVED,UNRESOLVED,NO_TEST_EVIDENCE,NONE,UNRESOLVED,SOURCE_COORDINATE_UNRESOLVED,,,,,,,TEMPLATE_LOCKED,SOURCE_COORDINATE_UNRESOLVED,CONFIRMED,
registry.capex.F.other_financial,capex.F.other_financial,Other Financial,TEMPLATE_INPUT,TEMPLATE_LOCKED,NOT_ALLOWED,TEMPLATE,capex.other_financial_keur,capex_other_financial_keur,C.17 / Financing!OtherFin,C.17 / Financing!OtherFin,UNRESOLVED,UNRESOLVED,,UNRESOLVED,UNRESOLVED,,UNRESOLVED,UNRESOLVED,UNRESOLVED,NO_TEST_EVIDENCE,NONE,UNRESOLVED,SOURCE_COORDINATE_UNRESOLVED,,,,,,,TEMPLATE_LOCKED,SOURCE_COORDINATE_UNRESOLVED,CONFIRMED,
registry.capex.F.vat_costs,capex.F.vat_costs,VAT / Recoverable Costs,TEMPLATE_INPUT,TEMPLATE_LOCKED,NOT_ALLOWED,TEMPLATE,capex.vat_costs_keur,capex_vat_costs_keur,C.17 / Financing!VAT,C.17 / Financing!VAT,UNRESOLVED,UNRESOLVED,,UNRESOLVED,UNRESOLVED,,UNRESOLVED,UNRESOLVED,UNRESOLVED,NO_TEST_EVIDENCE,NONE,UNRESOLVED,SOURCE_COORDINATE_UNRESOLVED,,,,,,,TEMPLATE_LOCKED,SOURCE_COORDINATE_UNRESOLVED,CONFIRMED,
registry.capex.R.reserve_accounts,capex.R.reserve_accounts,Reserve Accounts,DERIVED_DISPLAY,DISPLAY_ONLY,NOT_ALLOWED,ENGINE,capex.reserve_accounts_keur,capex_reserve_accounts_keur,C.18 / Financing!Reserves,C.18 / Financing!Reserves,UNRESOLVED,UNRESOLVED,,UNRESOLVED,UNRESOLVED,,UNRESOLVED,UNRESOLVED,UNRESOLVED,NO_TEST_EVIDENCE,NONE,UNRESOLVED,SOURCE_COORDINATE_UNRESOLVED,,,,,,,DISPLAY_ONLY,SOURCE_COORDINATE_UNRESOLVED,CONFIRMED,
registry.capex.summary.total,capex.summary.total,Total CAPEX,DERIVED_DISPLAY,PARTIAL,NOT_ALLOWED,DERIVED_UI,,total_capex_keur,,,UNRESOLVED,UNRESOLVED,,UNRESOLVED,UNRESOLVED,,UNRESOLVED,UNRESOLVED,UNRESOLVED,NO_TEST_EVIDENCE,NONE,UNRESOLVED,SOURCE_COORDINATE_UNRESOLVED,,,,,,,DERIVED_ONLY,SOURCE_COORDINATE_UNRESOLVED,CONFIRMED,
registry.opex.lines.technical_management,opex.lines.technical_management,Technical Management,INPUT,BOUND,OVERRIDE,INPUT_SET,opex[technical_management].y1_amount_keur,opex_technical_management_y1_keur,Inputs!OPEX-B.01,Inputs!OPEX-B.01,app/services/opex_sub_lines_integration.py::_extract_sub_line_overrides,SERVICE_PIPELINE,app/services/opex_sub_lines_integration.py::_extract_sub_line_overrides â†’ app/services/opex_sub_lines_integration.py::_load_active_sub_lines â†’ app/services/opex_sub_lines_integration.py::fold_sub_lines_into_opex â†’ app/services/opex_sub_lines_integration.py::apply_user_sub_lines_to_opex,app/services/opex_sub_lines_integration.py::fold_sub_lines_into_opex,SERVICE_PIPELINE,,ProjectInputs.opex[technical_management].y1_amount_keur,concrete downstream consumer verified in app/waterfall_core.py / app/reporting (CONCEPTUAL_DESCRIPTION),CONCEPTUAL_DESCRIPTION,tests/test_workbook_v2_browser_acceptance.py::TestAdditionalOPEX::test_maintenance_field_save,FIELD-SPECIFIC-E2E,FIELD_SPECIFIC_E2E_PROVEN,SOURCE_COORDINATE_UNRESOLVED,,,,,,,RUNTIME_FULLY_BOUND,REGISTRY_HINT_ONLY,CONFIRMED,
registry.opex.lines.om_preventive,opex.lines.om_preventive,O&M Preventive & Corrective,INPUT,BOUND,OVERRIDE,INPUT_SET,opex[o_and_m_preventive_and_corrective].y1_amount_keur,opex_o_and_m_preventive_and_corrective_y1_keur,Inputs!OPEX-B.02,Inputs!OPEX-B.02,app/services/opex_sub_lines_integration.py::_extract_sub_line_overrides,SERVICE_PIPELINE,app/services/opex_sub_lines_integration.py::_extract_sub_line_overrides â†’ app/services/opex_sub_lines_integration.py::_load_active_sub_lines â†’ app/services/opex_sub_lines_integration.py::fold_sub_lines_into_opex â†’ app/services/opex_sub_lines_integration.py::apply_user_sub_lines_to_opex,app/services/opex_sub_lines_integration.py::fold_sub_lines_into_opex,SERVICE_PIPELINE,,ProjectInputs.opex[o_and_m_preventive_and_corrective].y1_amount_keur,concrete downstream consumer verified in app/waterfall_core.py / app/reporting (CONCEPTUAL_DESCRIPTION),CONCEPTUAL_DESCRIPTION,tests/test_workbook_v2_browser_acceptance.py::TestAdditionalOPEX::test_maintenance_field_save,SHARED-PIPELINE,SHARED_PIPELINE_PROVEN,SOURCE_COORDINATE_UNRESOLVED,,,,,,,RUNTIME_FULLY_BOUND,REGISTRY_HINT_ONLY,CONFIRMED,
registry.opex.lines.site_maintenance,opex.lines.site_maintenance,Site Maintenance,INPUT,BOUND,OVERRIDE,INPUT_SET,opex[maintain_site].y1_amount_keur,opex_maintain_site_y1_keur,Inputs!OPEX-B.03,Inputs!OPEX-B.03,app/services/opex_sub_lines_integration.py::_extract_sub_line_overrides,SERVICE_PIPELINE,app/services/opex_sub_lines_integration.py::_extract_sub_line_overrides â†’ app/services/opex_sub_lines_integration.py::_load_active_sub_lines â†’ app/services/opex_sub_lines_integration.py::fold_sub_lines_into_opex â†’ app/services/opex_sub_lines_integration.py::apply_user_sub_lines_to_opex,app/services/opex_sub_lines_integration.py::fold_sub_lines_into_opex,SERVICE_PIPELINE,,ProjectInputs.opex[maintain_site].y1_amount_keur,concrete downstream consumer verified in app/waterfall_core.py / app/reporting (CONCEPTUAL_DESCRIPTION),CONCEPTUAL_DESCRIPTION,tests/test_workbook_v2_browser_acceptance.py::TestAdditionalOPEX::test_maintenance_field_save,SHARED-PIPELINE,SHARED_PIPELINE_PROVEN,SOURCE_COORDINATE_UNRESOLVED,,,,,,,RUNTIME_FULLY_BOUND,REGISTRY_HINT_ONLY,CONFIRMED,
registry.opex.lines.cleaning_materials,opex.lines.cleaning_materials,Cleaning & Materials,INPUT,BOUND,OVERRIDE,INPUT_SET,opex[clean_material].y1_amount_keur,opex_clean_material_y1_keur,Inputs!OPEX-B.04,Inputs!OPEX-B.04,app/services/opex_sub_lines_integration.py::_extract_sub_line_overrides,SERVICE_PIPELINE,app/services/opex_sub_lines_integration.py::_extract_sub_line_overrides â†’ app/services/opex_sub_lines_integration.py::_load_active_sub_lines â†’ app/services/opex_sub_lines_integration.py::fold_sub_lines_into_opex â†’ app/services/opex_sub_lines_integration.py::apply_user_sub_lines_to_opex,app/services/opex_sub_lines_integration.py::fold_sub_lines_into_opex,SERVICE_PIPELINE,,ProjectInputs.opex[clean_material].y1_amount_keur,concrete downstream consumer verified in app/waterfall_core.py / app/reporting (CONCEPTUAL_DESCRIPTION),CONCEPTUAL_DESCRIPTION,tests/test_workbook_v2_browser_acceptance.py::TestAdditionalOPEX::test_maintenance_field_save,SHARED-PIPELINE,SHARED_PIPELINE_PROVEN,SOURCE_COORDINATE_UNRESOLVED,,,,,,,RUNTIME_FULLY_BOUND,REGISTRY_HINT_ONLY,CONFIRMED,
registry.opex.lines.security,opex.lines.security,Security,INPUT,BOUND,OVERRIDE,INPUT_SET,opex[security].y1_amount_keur,opex_security_y1_keur,Inputs!OPEX-B.05,Inputs!OPEX-B.05,app/services/opex_sub_lines_integration.py::_extract_sub_line_overrides,SERVICE_PIPELINE,app/services/opex_sub_lines_integration.py::_extract_sub_line_overrides â†’ app/services/opex_sub_lines_integration.py::_load_active_sub_lines â†’ app/services/opex_sub_lines_integration.py::fold_sub_lines_into_opex â†’ app/services/opex_sub_lines_integration.py::apply_user_sub_lines_to_opex,app/services/opex_sub_lines_integration.py::fold_sub_lines_into_opex,SERVICE_PIPELINE,,ProjectInputs.opex[security].y1_amount_keur,concrete downstream consumer verified in app/waterfall_core.py / app/reporting (CONCEPTUAL_DESCRIPTION),CONCEPTUAL_DESCRIPTION,tests/test_workbook_v2_browser_acceptance.py::TestAdditionalOPEX::test_maintenance_field_save,SHARED-PIPELINE,SHARED_PIPELINE_PROVEN,SOURCE_COORDINATE_UNRESOLVED,,,,,,,RUNTIME_FULLY_BOUND,REGISTRY_HINT_ONLY,CONFIRMED,
registry.opex.lines.insurance,opex.lines.insurance,Insurance,INPUT,BOUND,OVERRIDE,INPUT_SET,opex[insurance].y1_amount_keur,opex_insurance_y1_keur,Inputs!OPEX-B.06,Inputs!OPEX-B.06,app/services/opex_sub_lines_integration.py::_extract_sub_line_overrides,SERVICE_PIPELINE,app/services/opex_sub_lines_integration.py::_extract_sub_line_overrides â†’ app/services/opex_sub_lines_integration.py::_load_active_sub_lines â†’ app/services/opex_sub_lines_integration.py::fold_sub_lines_into_opex â†’ app/services/opex_sub_lines_integration.py::apply_user_sub_lines_to_opex,app/services/opex_sub_lines_integration.py::fold_sub_lines_into_opex,SERVICE_PIPELINE,,ProjectInputs.opex[insurance].y1_amount_keur,concrete downstream consumer verified in app/waterfall_core.py / app/reporting (CONCEPTUAL_DESCRIPTION),CONCEPTUAL_DESCRIPTION,tests/test_workbook_v2_browser_acceptance.py::TestAdditionalOPEX::test_maintenance_field_save,SHARED-PIPELINE,SHARED_PIPELINE_PROVEN,SOURCE_COORDINATE_UNRESOLVED,,,,,,,RUNTIME_FULLY_BOUND,REGISTRY_HINT_ONLY,CONFIRMED,
registry.opex.lines.lease_property_tax,opex.lines.lease_property_tax,Lease & Property Tax,INPUT,BOUND,OVERRIDE,INPUT_SET,opex[lease_and_property_tax].y1_amount_keur,opex_lease_and_property_tax_y1_keur,Inputs!OPEX-B.07,Inputs!OPEX-B.07,app/services/opex_sub_lines_integration.py::_extract_sub_line_overrides,SERVICE_PIPELINE,app/services/opex_sub_lines_integration.py::_extract_sub_line_overrides â†’ app/services/opex_sub_lines_integration.py::_load_active_sub_lines â†’ app/services/opex_sub_lines_integration.py::fold_sub_lines_into_opex â†’ app/services/opex_sub_lines_integration.py::apply_user_sub_lines_to_opex,app/services/opex_sub_lines_integration.py::fold_sub_lines_into_opex,SERVICE_PIPELINE,,ProjectInputs.opex[lease_and_property_tax].y1_amount_keur,concrete downstream consumer verified in app/waterfall_core.py / app/reporting (CONCEPTUAL_DESCRIPTION),CONCEPTUAL_DESCRIPTION,tests/test_workbook_v2_browser_acceptance.py::TestAdditionalOPEX::test_maintenance_field_save,SHARED-PIPELINE,SHARED_PIPELINE_PROVEN,SOURCE_COORDINATE_UNRESOLVED,,,,,,,RUNTIME_FULLY_BOUND,REGISTRY_HINT_ONLY,CONFIRMED,
registry.opex.lines.power_expenses,opex.lines.power_expenses,Power Expenses,INPUT,BOUND,OVERRIDE,INPUT_SET,opex[power_expenses].y1_amount_keur,opex_power_expenses_y1_keur,Inputs!OPEX-B.08,Inputs!OPEX-B.08,app/services/opex_sub_lines_integration.py::_extract_sub_line_overrides,SERVICE_PIPELINE,app/services/opex_sub_lines_integration.py::_extract_sub_line_overrides â†’ app/services/opex_sub_lines_integration.py::_load_active_sub_lines â†’ app/services/opex_sub_lines_integration.py::fold_sub_lines_into_opex â†’ app/services/opex_sub_lines_integration.py::apply_user_sub_lines_to_opex,app/services/opex_sub_lines_integration.py::fold_sub_lines_into_opex,SERVICE_PIPELINE,,ProjectInputs.opex[power_expenses].y1_amount_keur,concrete downstream consumer verified in app/waterfall_core.py / app/reporting (CONCEPTUAL_DESCRIPTION),CONCEPTUAL_DESCRIPTION,tests/test_workbook_v2_browser_acceptance.py::TestAdditionalOPEX::test_maintenance_field_save,SHARED-PIPELINE,SHARED_PIPELINE_PROVEN,SOURCE_COORDINATE_UNRESOLVED,,,,,,,RUNTIME_FULLY_BOUND,REGISTRY_HINT_ONLY,CONFIRMED,
registry.opex.lines.audit_accounting_legal,opex.lines.audit_accounting_legal,"Audit, Accounting & Legal",INPUT,BOUND,OVERRIDE,INPUT_SET,opex[audit_and_accounting_and_legal].y1_amount_keur,opex_audit_and_accounting_and_legal_y1_keur,Inputs!OPEX-B.09,Inputs!OPEX-B.09,app/services/opex_sub_lines_integration.py::_extract_sub_line_overrides,SERVICE_PIPELINE,app/services/opex_sub_lines_integration.py::_extract_sub_line_overrides â†’ app/services/opex_sub_lines_integration.py::_load_active_sub_lines â†’ app/services/opex_sub_lines_integration.py::fold_sub_lines_into_opex â†’ app/services/opex_sub_lines_integration.py::apply_user_sub_lines_to_opex,app/services/opex_sub_lines_integration.py::fold_sub_lines_into_opex,SERVICE_PIPELINE,,ProjectInputs.opex[audit_and_accounting_and_legal].y1_amount_keur,concrete downstream consumer verified in app/waterfall_core.py / app/reporting (CONCEPTUAL_DESCRIPTION),CONCEPTUAL_DESCRIPTION,tests/test_workbook_v2_browser_acceptance.py::TestAdditionalOPEX::test_maintenance_field_save,SHARED-PIPELINE,SHARED_PIPELINE_PROVEN,SOURCE_COORDINATE_UNRESOLVED,,,,,,,RUNTIME_FULLY_BOUND,REGISTRY_HINT_ONLY,CONFIRMED,
registry.opex.lines.bank_fees,opex.lines.bank_fees,Bank Fees (OPEX),INPUT,BOUND,OVERRIDE,INPUT_SET,opex[bank_fees_opex].y1_amount_keur,opex_bank_fees_opex_y1_keur,Inputs!OPEX-B.10,Inputs!OPEX-B.10,app/services/opex_sub_lines_integration.py::_extract_sub_line_overrides,SERVICE_PIPELINE,app/services/opex_sub_lines_integration.py::_extract_sub_line_overrides â†’ app/services/opex_sub_lines_integration.py::_load_active_sub_lines â†’ app/services/opex_sub_lines_integration.py::fold_sub_lines_into_opex â†’ app/services/opex_sub_lines_integration.py::apply_user_sub_lines_to_opex,app/services/opex_sub_lines_integration.py::fold_sub_lines_into_opex,SERVICE_PIPELINE,,ProjectInputs.opex[bank_fees_opex].y1_amount_keur,concrete downstream consumer verified in app/waterfall_core.py / app/reporting (CONCEPTUAL_DESCRIPTION),CONCEPTUAL_DESCRIPTION,tests/test_workbook_v2_browser_acceptance.py::TestAdditionalOPEX::test_maintenance_field_save,SHARED-PIPELINE,SHARED_PIPELINE_PROVEN,SOURCE_COORDINATE_UNRESOLVED,,,,,,,RUNTIME_FULLY_BOUND,REGISTRY_HINT_ONLY,CONFIRMED,
registry.opex.lines.environmental_social,opex.lines.environmental_social,Environmental & Social Management,INPUT,BOUND,OVERRIDE,INPUT_SET,opex[environmental_and_social_management].y1_amount_keur,opex_environmental_and_social_management_y1_keur,Inputs!OPEX-B.11,Inputs!OPEX-B.11,app/services/opex_sub_lines_integration.py::_extract_sub_line_overrides,SERVICE_PIPELINE,app/services/opex_sub_lines_integration.py::_extract_sub_line_overrides â†’ app/services/opex_sub_lines_integration.py::_load_active_sub_lines â†’ app/services/opex_sub_lines_integration.py::fold_sub_lines_into_opex â†’ app/services/opex_sub_lines_integration.py::apply_user_sub_lines_to_opex,app/services/opex_sub_lines_integration.py::fold_sub_lines_into_opex,SERVICE_PIPELINE,,ProjectInputs.opex[environmental_and_social_management].y1_amount_keur,concrete downstream consumer verified in app/waterfall_core.py / app/reporting (CONCEPTUAL_DESCRIPTION),CONCEPTUAL_DESCRIPTION,tests/test_workbook_v2_browser_acceptance.py::TestAdditionalOPEX::test_maintenance_field_save,SHARED-PIPELINE,SHARED_PIPELINE_PROVEN,SOURCE_COORDINATE_UNRESOLVED,,,,,,,RUNTIME_FULLY_BOUND,REGISTRY_HINT_ONLY,CONFIRMED,
registry.opex.lines.contingencies,opex.lines.contingencies,Contingencies (OPEX),DERIVED_DISPLAY,DISPLAY_ONLY,NOT_ALLOWED,DERIVED_UI,,opex_contingencies_y1_keur,Inputs!OPEX-B.13,Inputs!OPEX-B.13,UNRESOLVED,UNRESOLVED,,UNRESOLVED,UNRESOLVED,,UNRESOLVED,UNRESOLVED,UNRESOLVED,NO_TEST_EVIDENCE,NONE,UNRESOLVED,SOURCE_COORDINATE_UNRESOLVED,,,,,,,DISPLAY_ONLY,SOURCE_COORDINATE_UNRESOLVED,CONFIRMED,
registry.opex.summary.total_y1,opex.summary.total_y1,Total OPEX Y1,DERIVED_DISPLAY,PARTIAL,NOT_ALLOWED,DERIVED_UI,,opex_y1_keur,,,UNRESOLVED,UNRESOLVED,,UNRESOLVED,UNRESOLVED,,UNRESOLVED,UNRESOLVED,UNRESOLVED,NO_TEST_EVIDENCE,NONE,UNRESOLVED,SOURCE_COORDINATE_UNRESOLVED,,,,,,,DERIVED_ONLY,SOURCE_COORDINATE_UNRESOLVED,CONFIRMED,
registry.revenue.ppa.base_tariff,revenue.ppa.base_tariff,Base Tariff,INPUT,BOUND,OVERRIDE,INPUT_SET,revenue.ppa_base_tariff,rev_ppa_base_tariff,Inputs!Revenue!B4,Inputs!Revenue!B4,app/persistence/projects_repository.py::save_project,EXACT_SYMBOL,,app/input_adapter.py::_set_revenue_tariff,EXACT_SYMBOL,,ProjectInputs.revenue.ppa_base_tariff,concrete downstream consumer verified in app/waterfall_core.py / app/reporting (CONCEPTUAL_DESCRIPTION — specific consumer not a single symbol),CONCEPTUAL_DESCRIPTION,tests/test_workbook_v2_browser_acceptance.py::TestTM200To300QueuedRun::test_runtime_persisted_after_run,GENERIC-ROUTE,GENERIC_ROUTE_ONLY,SOURCE_COORDINATE_UNRESOLVED,,,,,,,RUNTIME_FULLY_BOUND,REGISTRY_HINT_ONLY,CONFIRMED,
registry.revenue.ppa.index,revenue.ppa.index,PPA Escalation Index,INPUT,BOUND,OVERRIDE,INPUT_SET,revenue.ppa_index,rev_ppa_index,Inputs!Revenue!B5,Inputs!Revenue!B5,UNRESOLVED,UNRESOLVED,,UNRESOLVED,UNRESOLVED,,UNRESOLVED,UNRESOLVED,UNRESOLVED,NO_TEST_EVIDENCE,NONE,UNRESOLVED,SOURCE_COORDINATE_UNRESOLVED,,,,,,,RUNTIME_PARTIALLY_BOUND,SOURCE_COORDINATE_UNRESOLVED,PROBABLE,
registry.revenue.ppa.term_years,revenue.ppa.term_years,PPA Term,INPUT,BOUND,OVERRIDE,INPUT_SET,revenue.ppa_term_years,rev_ppa_term_years,Inputs!Revenue!B6,Inputs!Revenue!B6,app/persistence/projects_repository.py::save_project,EXACT_SYMBOL,,app/input_adapter.py::_set_revenue_ppa_term,EXACT_SYMBOL,,ProjectInputs.revenue.ppa_term_years,concrete downstream consumer verified in app/waterfall_core.py / app/reporting (CONCEPTUAL_DESCRIPTION — specific consumer not a single symbol),CONCEPTUAL_DESCRIPTION,tests/test_workbook_v2_browser_acceptance.py::TestTM200To300QueuedRun::test_runtime_persisted_after_run,GENERIC-ROUTE,GENERIC_ROUTE_ONLY,SOURCE_COORDINATE_UNRESOLVED,,,,,,,RUNTIME_FULLY_BOUND,REGISTRY_HINT_ONLY,CONFIRMED,
registry.revenue.ppa.production_share,revenue.ppa.production_share,Production Share,INPUT,BOUND,OVERRIDE,INPUT_SET,revenue.ppa_production_share,rev_ppa_production_share,,,UNRESOLVED,UNRESOLVED,,UNRESOLVED,UNRESOLVED,,UNRESOLVED,UNRESOLVED,UNRESOLVED,NO_TEST_EVIDENCE,NONE,UNRESOLVED,SOURCE_COORDINATE_UNRESOLVED,,,,,,,RUNTIME_PARTIALLY_BOUND,SOURCE_COORDINATE_UNRESOLVED,PROBABLE,
registry.revenue.ppa.indexation_policy,revenue.ppa.indexation_policy,Escalation Base Year Policy,INPUT,BOUND,OVERRIDE,INPUT_SET,revenue.ppa_indexation_start_policy,rev_ppa_indexation_start_policy,,Inputs!Revenue!B7,UNRESOLVED,UNRESOLVED,,UNRESOLVED,UNRESOLVED,,UNRESOLVED,UNRESOLVED,UNRESOLVED,NO_TEST_EVIDENCE,NONE,UNRESOLVED,SOURCE_COORDINATE_UNRESOLVED,,,,,,,RUNTIME_PARTIALLY_BOUND,SOURCE_COORDINATE_UNRESOLVED,PROBABLE,
registry.revenue.ppa.indexation_start_date,revenue.ppa.indexation_start_date,Indexation Start Date,INPUT,BOUND,OVERRIDE,INPUT_SET,revenue.ppa_indexation_start_date,rev_ppa_indexation_start_date,,,UNRESOLVED,UNRESOLVED,,UNRESOLVED,UNRESOLVED,,UNRESOLVED,UNRESOLVED,UNRESOLVED,NO_TEST_EVIDENCE,NONE,UNRESOLVED,SOURCE_COORDINATE_UNRESOLVED,,,,,,,RUNTIME_PARTIALLY_BOUND,SOURCE_COORDINATE_UNRESOLVED,PROBABLE,
registry.revenue.ppa.tariff_legacy,revenue.ppa.tariff_legacy,Tariff (legacy key),INPUT,PARTIAL,NOT_ALLOWED,INPUT_SET,,tariff_eur_mwh,,,UNRESOLVED,UNRESOLVED,,UNRESOLVED,UNRESOLVED,,UNRESOLVED,UNRESOLVED,UNRESOLVED,NO_TEST_EVIDENCE,NONE,UNRESOLVED,SOURCE_COORDINATE_UNRESOLVED,,,,,,,RUNTIME_PARTIALLY_BOUND,SOURCE_COORDINATE_UNRESOLVED,PROBABLE,
registry.revenue.ppa.ppa_term_legacy,revenue.ppa.ppa_term_legacy,PPA Term (legacy key),INPUT,PARTIAL,NOT_ALLOWED,INPUT_SET,,ppa_term_years,,,UNRESOLVED,UNRESOLVED,,UNRESOLVED,UNRESOLVED,,UNRESOLVED,UNRESOLVED,UNRESOLVED,NO_TEST_EVIDENCE,NONE,UNRESOLVED,SOURCE_COORDINATE_UNRESOLVED,,,,,,,RUNTIME_PARTIALLY_BOUND,SOURCE_COORDINATE_UNRESOLVED,PROBABLE,
registry.revenue.balancing.merchant_pct,revenue.balancing.merchant_pct,Merchant Balancing (% of spot sales),INPUT,BOUND,OVERRIDE,INPUT_SET,revenue.balancing_cost_pv,rev_merchant_balancing_pct,,Inputs!D114,UNRESOLVED,UNRESOLVED,,UNRESOLVED,UNRESOLVED,,UNRESOLVED,UNRESOLVED,UNRESOLVED,NO_TEST_EVIDENCE,NONE,UNRESOLVED,SOURCE_COORDINATE_UNRESOLVED,,,,,,,RUNTIME_PARTIALLY_BOUND,SOURCE_COORDINATE_UNRESOLVED,PROBABLE,
registry.revenue.balancing.cost_eur_per_mwh,revenue.balancing.cost_eur_per_mwh,Balancing Cost (EUR/MWh),INPUT,BOUND,OVERRIDE,INPUT_SET,revenue.balancing_cost_eur_per_mwh,rev_balancing_cost_eur_per_mwh,,,UNRESOLVED,UNRESOLVED,,UNRESOLVED,UNRESOLVED,,UNRESOLVED,UNRESOLVED,UNRESOLVED,NO_TEST_EVIDENCE,NONE,UNRESOLVED,SOURCE_COORDINATE_UNRESOLVED,,,,,,,RUNTIME_PARTIALLY_BOUND,SOURCE_COORDINATE_UNRESOLVED,PROBABLE,
registry.revenue.balancing.co2_enabled,revenue.balancing.co2_enabled,CO2 Revenue Enabled,INPUT,BOUND,OVERRIDE,INPUT_SET,revenue.co2_enabled,rev_co2_enabled,,,UNRESOLVED,UNRESOLVED,,UNRESOLVED,UNRESOLVED,,UNRESOLVED,UNRESOLVED,UNRESOLVED,NO_TEST_EVIDENCE,NONE,UNRESOLVED,SOURCE_COORDINATE_UNRESOLVED,,,,,,,RUNTIME_PARTIALLY_BOUND,SOURCE_COORDINATE_UNRESOLVED,PROBABLE,
registry.revenue.balancing.co2_price_eur_mwh,revenue.balancing.co2_price_eur_mwh,CO2 Certificate Price,INPUT,BOUND,OVERRIDE,INPUT_SET,revenue.co2_certificate_price_eur_per_mwh,rev_co2_price_eur_mwh,,CF!row46,UNRESOLVED,UNRESOLVED,,UNRESOLVED,UNRESOLVED,,UNRESOLVED,UNRESOLVED,UNRESOLVED,NO_TEST_EVIDENCE,NONE,UNRESOLVED,SOURCE_COORDINATE_UNRESOLVED,,,,,,,RUNTIME_PARTIALLY_BOUND,SOURCE_COORDINATE_UNRESOLVED,PROBABLE,
registry.revenue.merchant.price_curve_json,revenue.merchant.price_curve_json,Merchant Price Curve (JSON),INPUT,BOUND,OVERRIDE,INPUT_SET,revenue.market_prices_by_calendar_year_eur_mwh,rev_merchant_price_curve_json,,Inputs!row106,UNRESOLVED,UNRESOLVED,,UNRESOLVED,UNRESOLVED,,UNRESOLVED,UNRESOLVED,UNRESOLVED,NO_TEST_EVIDENCE,NONE,UNRESOLVED,SOURCE_COORDINATE_UNRESOLVED,,,,,,,RUNTIME_PARTIALLY_BOUND,SOURCE_COORDINATE_UNRESOLVED,PROBABLE,
registry.debt.senior.gearing_pct,debt.senior.gearing_pct,Gearing,INPUT,BOUND,OVERRIDE,INPUT_SET,financing.gearing_ratio,gearing_pct,Inputs!Debt!B4,Inputs!Debt!B4,app/persistence/projects_repository.py::save_project,EXACT_SYMBOL,,app/input_adapter.py::_set_financing_gearing,EXACT_SYMBOL,,ProjectInputs.financing.gearing_ratio,concrete downstream consumer verified in app/waterfall_core.py / app/reporting (CONCEPTUAL_DESCRIPTION — specific consumer not a single symbol),CONCEPTUAL_DESCRIPTION,tests/test_workbook_v2_browser_acceptance.py::TestTM200To300QueuedRun::test_runtime_persisted_after_run,GENERIC-ROUTE,GENERIC_ROUTE_ONLY,SOURCE_COORDINATE_UNRESOLVED,,,,,,,RUNTIME_FULLY_BOUND,REGISTRY_HINT_ONLY,CONFIRMED,
registry.debt.senior.target_dscr,debt.senior.target_dscr,Target DSCR,INPUT,BOUND,OVERRIDE,INPUT_SET,financing.target_dscr,target_dscr,Inputs!Debt!B5,Inputs!Debt!B5,app/persistence/projects_repository.py::save_project,EXACT_SYMBOL,,app/input_adapter.py::_set_financing_target_dscr,EXACT_SYMBOL,,ProjectInputs.financing.target_dscr,concrete downstream consumer verified in app/waterfall_core.py / app/reporting (CONCEPTUAL_DESCRIPTION — specific consumer not a single symbol),CONCEPTUAL_DESCRIPTION,tests/test_workbook_v2_browser_acceptance.py::TestTM200To300QueuedRun::test_runtime_persisted_after_run,GENERIC-ROUTE,GENERIC_ROUTE_ONLY,SOURCE_COORDINATE_UNRESOLVED,,,,,,,RUNTIME_FULLY_BOUND,REGISTRY_HINT_ONLY,CONFIRMED,
registry.debt.senior.interest_rate_pct,debt.senior.interest_rate_pct,All-in Interest Rate,INPUT,BOUND,OVERRIDE,INPUT_SET,financing.margin_bps,interest_rate_pct,Inputs!Debt!B6,Inputs!Debt!B6,app/persistence/projects_repository.py::save_project,EXACT_SYMBOL,,app/input_adapter.py::_set_financing_interest_rate,EXACT_SYMBOL,,ProjectInputs.financing.margin_bps,concrete downstream consumer verified in app/waterfall_core.py / app/reporting (CONCEPTUAL_DESCRIPTION — specific consumer not a single symbol),CONCEPTUAL_DESCRIPTION,tests/test_workbook_v2_browser_acceptance.py::TestTM200To300QueuedRun::test_runtime_persisted_after_run,GENERIC-ROUTE,GENERIC_ROUTE_ONLY,SOURCE_COORDINATE_UNRESOLVED,,,,,,,RUNTIME_FULLY_BOUND,REGISTRY_HINT_ONLY,CONFIRMED,
registry.debt.senior.tenor_years,debt.senior.tenor_years,Tenor,INPUT,BOUND,OVERRIDE,INPUT_SET,financing.senior_tenor_years,tenor_years,Inputs!Debt!B7,Inputs!Debt!B7,app/persistence/projects_repository.py::save_project,EXACT_SYMBOL,,app/input_adapter.py::_set_financing_tenor,EXACT_SYMBOL,,ProjectInputs.financing.senior_tenor_years,concrete downstream consumer verified in app/waterfall_core.py / app/reporting (CONCEPTUAL_DESCRIPTION — specific consumer not a single symbol),CONCEPTUAL_DESCRIPTION,tests/test_workbook_v2_browser_acceptance.py::TestTM200To300QueuedRun::test_runtime_persisted_after_run,GENERIC-ROUTE,GENERIC_ROUTE_ONLY,SOURCE_COORDINATE_UNRESOLVED,,,,,,,RUNTIME_FULLY_BOUND,REGISTRY_HINT_ONLY,CONFIRMED,
registry.tax.assumptions.cit_rate_pct,tax.assumptions.cit_rate_pct,CIT Rate,INPUT,BOUND,OVERRIDE,INPUT_SET,tax.corporate_rate,tax_corporate_rate_pct,,,app/persistence/projects_repository.py::save_project,EXACT_SYMBOL,,app/input_adapter.py::_set_tax_corporate_rate,EXACT_SYMBOL,,ProjectInputs.tax.corporate_rate,concrete downstream consumer verified in app/waterfall_core.py / app/reporting (CONCEPTUAL_DESCRIPTION — specific consumer not a single symbol),CONCEPTUAL_DESCRIPTION,tests/test_workbook_v2_browser_acceptance.py::TestFSBrowserAcceptance::test_cit_rate_displayed_as_percent,DISPLAY-ONLY,DISPLAY_ONLY_PROVEN,SOURCE_COORDINATE_UNRESOLVED,,,,,,,RUNTIME_FULLY_BOUND,SOURCE_COORDINATE_UNRESOLVED,CONFIRMED,
registry.tax.assumptions.loss_carryforward_years,tax.assumptions.loss_carryforward_years,Loss Carryforward Years,INPUT,BOUND,OVERRIDE,INPUT_SET,tax.loss_carryforward_years,tax_loss_carryforward_years,,,app/persistence/projects_repository.py::save_project,EXACT_SYMBOL,,app/input_adapter.py::_set_tax_loss_carryforward_years,EXACT_SYMBOL,,ProjectInputs.tax.loss_carryforward_years,concrete downstream consumer verified in app/waterfall_core.py / app/reporting (CONCEPTUAL_DESCRIPTION — specific consumer not a single symbol),CONCEPTUAL_DESCRIPTION,tests/test_workbook_v2_browser_acceptance.py::TestTM200To300QueuedRun::test_runtime_persisted_after_run,GENERIC-ROUTE,GENERIC_ROUTE_ONLY,SOURCE_COORDINATE_UNRESOLVED,,,,,,,RUNTIME_FULLY_BOUND,SOURCE_COORDINATE_UNRESOLVED,CONFIRMED,
